<?xml version="1.0" encoding="utf-8"?>
<feed xmlns="http://www.w3.org/2005/Atom">
 
 <title>Chengfu's Open Source Page</title>
 <link href="http://dourabbit.github.com/atom.xml" rel="self"/>
 <link href="http://dourabbit.github.com"/>
 <updated>2012-10-08T18:09:04+08:00</updated>
 <id>http://dourabbit.github.com</id>
 <author>
   <name>Chengfu Chen</name>
   <email>dourabbit@gmail.com</email>
 </author>

 
 <entry>
   <title>Hellooooooo</title>
   <link href="http://dourabbit.github.com/2012/10/03/hellooooooo"/>
   <updated>2012-10-03T00:00:00+08:00</updated>
   <id>http://dourabbit.github.com/2012/10/03/hellooooooo</id>
   <content type="html"></content>
 </entry>
 
 
</feed>